Reference,Target,Distance,Number of Alpha Carbons in Target,Number of Alpha Carbons in Reference
ref_Stylophora_pistillata_CRCL_8_all_Ca,target_8spz_ca,0.9847825365693504,184,283
ref_Pocillopora_damicornis_CRCL_1_all_Ca,target_8spz_ca,0.9847926274906963,184,283
ref_Halisarca_caerulea_CRCL_3_filtered_Ca,target_8spz_ca,0.9983929760361604,181,283
ref_Gallus_gallus_CRCL_6_filtered_Ca,target_8spz_ca,1.0249233258965018,181,283
ref_Trichoplax__adhaerens_CRCL_1_filtered_Ca,target_8spz_ca,1.026991694676,175,283
ref_Pleurobrachia_pileus_CRCL_1_filtered_Ca,target_8spz_ca,1.0388885317356262,194,283
ref_Xenopus_tropicalis_CRCL_9_all_Ca,target_8spz_ca,1.0555277331161408,198,283
ref_Gallus_gallus_CRCL_7_all_Ca,target_8spz_ca,1.0635040922313037,174,283
ref_Homo_sapiens_CRCL_10_filtered_Ca,target_8spz_ca,1.064189372728437,204,283
ref_Homo_sapiens_CRCL_7_filtered_Ca,target_8spz_ca,1.0809287420463647,168,283
ref_Mnemiopsis_leidyi_CRCL_1_filtered_Ca,target_8spz_ca,1.0823157208522638,180,283
ref_Trichoplax_adhaerens_CRCL_1_filtered_Ca,target_8spz_ca,1.0900348972579221,167,283
ref_Hormiphora_californensis_CRCL_1_filtered_Ca,target_8spz_ca,1.0965687101459767,170,283
ref_Danio_rerio_CRCL_9_filtered_Ca,target_8spz_ca,1.0978376825323823,165,283
ref_Chondrosia_reniformis_CRCL_1_filtered_Ca,target_8spz_ca,1.0996597653395674,168,283
ref_Amphimedon_queenslandica_CRCL_5_filtered_Ca,target_8spz_ca,1.11370238336179,161,283
ref_Stylophora_pistillata_CRCL_2_filtered_Ca,target_8spz_ca,1.114949882687574,175,283
ref_Mus_musculus_CRCL_1_filtered_Ca,target_8spz_ca,1.1161231929910727,165,283
ref_Ephydatia_muelleri_CRCL_2_filtered_Ca,target_8spz_ca,1.1257352687955469,163,283
ref_Nematostella_vectensis_CRCL_6_filtered_Ca,target_8spz_ca,1.1307139735300618,165,283
ref_Beroe_ovata_CRCL_1_filtered_Ca,target_8spz_ca,1.1331706236778372,167,283
ref_Homo_sapiens_CRCL_6_filtered_Ca,target_8spz_ca,1.133426802620031,169,283
ref_Stylophora_pistillata_CRCL_9_filtered_Ca,target_8spz_ca,1.1383738895512934,166,283
ref_Xenopus_tropicalis_CRCL_7_filtered_Ca,target_8spz_ca,1.139029695127201,170,283
ref_Haliclona_tubifera_CRCL_4_filtered_Ca,target_8spz_ca,1.1432417716231507,172,283
ref_Haliclona_tubifera_CRCL_5_filtered_Ca,target_8spz_ca,1.1570889282593881,172,283
ref_Xenopus_tropicalis_CRCL_8_filtered_Ca,target_8spz_ca,1.159477326133511,160,283
ref_Danio_rerio_CRCL_10_filtered_Ca,target_8spz_ca,1.1616767807787778,176,283
ref_Danio_rerio_CRCL_6_filtered_Ca,target_8spz_ca,1.1697787699549975,162,283
ref_Homo_sapiens_CRCL_10_filtered_Ca,target_8svk_ca,1.1721628465496805,204,294
ref_Stylophora_pistillata_CRCL_1_filtered_Ca,target_8spz_ca,1.175633081874496,163,283
ref_Acropora_millepora_CRCL_1_filtered_Ca,target_8spz_ca,1.177206867593745,165,283
ref_Pleurobrachia_pileus_CRCL_1_filtered_Ca,target_8svk_ca,1.1810886314716196,194,294
ref_Stylophora_pistillata_CRCL_8_all_Ca,target_8svk_ca,1.1834969176383394,184,294
ref_Orbicella_faveolata_CRCL_1_filtered_Ca,target_8spz_ca,1.1836451777323596,164,283
ref_Halisarca_caerulea_CRCL_3_filtered_Ca,target_8svk_ca,1.1860607903739682,181,294
ref_Gallus_gallus_CRCL_6_filtered_Ca,target_8svk_ca,1.1904324647855633,181,294
ref_Homo_sapiens_CRCL_5_filtered_Ca,target_8spz_ca,1.1942635096932235,153,283
ref_Xenopus_tropicalis_CRCL_1_filtered_Ca,target_8spz_ca,1.1955449447264725,179,283
ref_Strongylocentrotus_purpuratus_CRCL_7_filtered_Ca,target_8spz_ca,1.2002383463724766,154,283
ref_Haliclona_tubifera_CRCL_3_filtered_Ca,target_8spz_ca,1.2035140570815681,164,283
ref_Trichoplax__adhaerens_CRCL_1_filtered_Ca,target_8svk_ca,1.2039509036113616,175,294
ref_Xenopus_tropicalis_CRCL_9_all_Ca,target_8svk_ca,1.2041786413754123,198,294
ref_Haliclona_tubifera_CRCL_1_filtered_Ca,target_8spz_ca,1.2046458315905275,156,283
ref_Amphimedon_queenslandica_CRCL_7_filtered_Ca,target_8spz_ca,1.208883396009556,160,283
ref_Haliclona_tubifera_CRCL_2_filtered_Ca,target_8spz_ca,1.21552467410762,156,283
ref_Pocillopora_damicornis_CRCL_1_all_Ca,target_8svk_ca,1.218403359663037,184,294
ref_Oscarella_pearsei_CRCL_1_filtered_Ca,target_8spz_ca,1.2193730978291624,160,283
ref_Hydra_vulgaris_CRCL_3_filtered_Ca,target_8spz_ca,1.2208969604077702,164,283
ref_Gallus_gallus_CRCL_7_all_Ca,target_8svk_ca,1.2377907472094996,174,294
ref_Stylophora_pistillata_CRCL_7_filtered_Ca,target_8spz_ca,1.2422537577583395,159,283
ref_Amphimedon_queenslandica_CRCL_2_filtered_Ca,target_8spz_ca,1.2540817274514628,155,283
ref_Homo_sapiens_CRCL_7_filtered_Ca,target_8svk_ca,1.2611412826352117,168,294
ref_Danio_rerio_CRCL_9_filtered_Ca,target_8svk_ca,1.2616369526823006,165,294
ref_Strongylocentrotus_purpuratus_CRCL_6_filtered_Ca,target_8spz_ca,1.2619699853329884,151,283
ref_Geodia_cydonium_CRCL_1_filtered_Ca,target_8spz_ca,1.262362353687791,155,283
ref_Mnemiopsis_leidyi_CRCL_1_filtered_Ca,target_8svk_ca,1.2693299656272994,180,294
ref_Chondrosia_reniformis_CRCL_1_filtered_Ca,target_8svk_ca,1.270771930667353,168,294
ref_Hydra_vulgaris_CRCL_2_filtered_Ca,target_8spz_ca,1.2711215657643216,156,283
ref_Amphimedon_queenslandica_CRCL_6_filtered_Ca,target_8spz_ca,1.2727359107271614,155,283
ref_Suberites_domuncula_CRCL_2_filtered_Ca,target_8spz_ca,1.2742709378545862,153,283
ref_Nematostella_vectensis_CRCL_6_filtered_Ca,target_8svk_ca,1.2809561936207545,165,294
ref_Gallus_gallus_CRCL_1_filtered_Ca,target_8spz_ca,1.284457425190368,160,283
ref_Mus_musculus_CRCL_1_filtered_Ca,target_8svk_ca,1.2859953831317674,165,294
ref_Geodia_cydonium_CRCL_2_filtered_Ca,target_8spz_ca,1.2870269081132484,155,283
ref_Oscarella_lobularis_CRCL_1_filtered_Ca,target_8spz_ca,1.2878072017800488,155,283
ref_Hormiphora_californensis_CRCL_1_filtered_Ca,target_8svk_ca,1.2904284918315838,170,294
ref_Danio_rerio_CRCL_2_filtered_Ca,target_8spz_ca,1.2911220408338022,163,283
ref_Haliclona_tubifera_CRCL_4_filtered_Ca,target_8svk_ca,1.2938163622589054,172,294
ref_Homo_sapiens_CRCL_4_filtered_Ca,target_8spz_ca,1.2986739494768944,158,283
ref_Beroe_ovata_CRCL_1_filtered_Ca,target_8svk_ca,1.3015708570289775,167,294
ref_Homo_sapiens_CRCL_1_filtered_Ca,target_8spz_ca,1.3085904006425717,160,283
ref_Gallus_gallus_CRCL_4_filtered_Ca,target_8spz_ca,1.309604653878269,142,283
ref_Acropora_digitifera_CRCL_1_filtered_Ca,target_8spz_ca,1.3102790129506772,150,283
ref_Danio_rerio_CRCL_10_filtered_Ca,target_8svk_ca,1.3169319969578412,176,294
ref_Xenopus_tropicalis_CRCL_4_filtered_Ca,target_8spz_ca,1.3197731019346046,152,283
ref_Amphimedon_queenslandica_CRCL_5_filtered_Ca,target_8svk_ca,1.32175671255637,161,294
ref_Suberites_domuncula_CRCL_1_filtered_Ca,target_8spz_ca,1.3263917950087196,147,283
ref_Xenopus_tropicalis_CRCL_7_filtered_Ca,target_8svk_ca,1.3272634993152388,170,294
ref_Homo_sapiens_CRCL_6_filtered_Ca,target_8svk_ca,1.3280461925679217,169,294
ref_Xenopus_tropicalis_CRCL_8_filtered_Ca,target_8svk_ca,1.3308800185779526,160,294
ref_Nematostella_vectensis_CRCL_2_filtered_Ca,target_8spz_ca,1.3349738334717882,148,283
ref_Hydra_vulgaris_CRCL_4_filtered_Ca,target_8spz_ca,1.3373197165526938,156,283
ref_Xenopus_tropicalis_CRCL_5_filtered_Ca,target_8spz_ca,1.3407497275056965,139,283
ref_Amphimedon_queenslandica_CRCL_3_filtered_Ca,target_8spz_ca,1.3417099504444525,144,283
ref_Danio_rerio_CRCL_8_filtered_Ca,target_8spz_ca,1.342595563143859,145,283
ref_Acropora_millepora_CRCL_1_filtered_Ca,target_8svk_ca,1.347717789200147,165,294
ref_Stylophora_pistillata_CRCL_9_filtered_Ca,target_8svk_ca,1.351212854237153,166,294
ref_Trichoplax_adhaerens_CRCL_1_filtered_Ca,target_8svk_ca,1.3512777444529789,167,294
ref_Stylophora_pistillata_CRCL_2_filtered_Ca,target_8svk_ca,1.3512865365862075,175,294
ref_Gallus_gallus_CRCL_3_filtered_Ca,target_8spz_ca,1.3559967328100047,149,283
ref_Danio_rerio_CRCL_7_filtered_Ca,target_8spz_ca,1.3614350408565867,146,283
ref_Strongylocentrotus_purpuratus_CRCL_1_filtered_Ca,target_8spz_ca,1.363306965524663,144,283
ref_Strongylocentrotus_purpuratus_CRCL_4_filtered_Ca,target_8spz_ca,1.3659547639195775,146,283
ref_Homo_sapiens_CRCL_3_filtered_Ca,target_8spz_ca,1.3675078329012393,141,283
ref_Acropora_millepora_CRCL_2_filtered_Ca,target_8spz_ca,1.3687537083979178,147,283
ref_Halisarca_caerulea_CRCL_2_filtered_Ca,target_8spz_ca,1.3691097117314646,139,283
ref_Danio_rerio_CRCL_1_filtered_Ca,target_8spz_ca,1.3723767778466571,148,283
ref_Homo_sapiens_CRCL_9_filtered_Ca,target_8spz_ca,1.3740787247771167,162,283
ref_Nematostella_vectensis_CRCL_3_filtered_Ca,target_8spz_ca,1.3762507065880665,148,283
ref_Ephydatia_muelleri_CRCL_2_filtered_Ca,target_8svk_ca,1.3783930643244613,163,294
ref_Xenopus_tropicalis_CRCL_1_filtered_Ca,target_8svk_ca,1.3820493484555463,179,294
ref_Haliclona_tubifera_CRCL_5_filtered_Ca,target_8svk_ca,1.382137425667047,172,294
ref_Danio_rerio_CRCL_6_filtered_Ca,target_8svk_ca,1.383652442176587,162,294
ref_Hydra_vulgaris_CRCL_1_filtered_Ca,target_8spz_ca,1.3860544358807303,143,283
ref_Stylophora_pistillata_CRCL_1_filtered_Ca,target_8svk_ca,1.3888961742242087,163,294
ref_Strongylocentrotus_purpuratus_CRCL_7_filtered_Ca,target_8svk_ca,1.3896582841590084,154,294
ref_Lubomirskia_baicalensis_CRCL_1_filtered_Ca,target_8spz_ca,1.3913345580224936,144,283
ref_Homo_sapiens_CRCL_8_filtered_Ca,target_8spz_ca,1.3917140529431824,145,283
ref_Strongylocentrotus_purpuratus_CRCL_8_filtered_Ca,target_8spz_ca,1.3953359367315512,140,283
ref_Haliclona_tubifera_CRCL_3_filtered_Ca,target_8svk_ca,1.4020555483508896,164,294
ref_Homo_sapiens_CRCL_2_filtered_Ca,target_8spz_ca,1.407647998760025,140,283
ref_Hydra_vulgaris_CRCL_5_filtered_Ca,target_8spz_ca,1.4117515414205017,138,283
ref_Homo_sapiens_CRCL_5_filtered_Ca,target_8svk_ca,1.4119949962677767,153,294
ref_Amphimedon_queenslandica_CRCL_8_filtered_Ca,target_8spz_ca,1.4162682522277357,133,283
ref_Stylophora_pistillata_CRCL_7_filtered_Ca,target_8svk_ca,1.416652149738269,159,294
ref_Hydra_vulgaris_CRCL_3_filtered_Ca,target_8svk_ca,1.4172594060615653,164,294
ref_Gallus_gallus_CRCL_5_filtered_Ca,target_8spz_ca,1.4195404088280466,140,283
ref_Haliclona_tubifera_CRCL_1_filtered_Ca,target_8svk_ca,1.4264436289377223,156,294
ref_Orbicella_faveolata_CRCL_1_filtered_Ca,target_8svk_ca,1.4269311944219378,164,294
ref_Stylophora_pistillata_CRCL_6_filtered_Ca,target_8spz_ca,1.4292711472234396,149,283
ref_Nematostella_vectensis_CRCL_4_filtered_Ca,target_8spz_ca,1.4338788671238833,137,283
ref_Xenopus_tropicalis_CRCL_6_filtered_Ca,target_8spz_ca,1.4386007464436465,138,283
ref_Stylophora_pistillata_CRCL_4_filtered_Ca,target_8spz_ca,1.439656432720024,141,283
ref_Stylophora_pistillata_CRCL_5_filtered_Ca,target_8spz_ca,1.4458926814274504,139,283
ref_Danio_rerio_CRCL_4_filtered_Ca,target_8spz_ca,1.4463171652628355,136,283
ref_Geodia_cydonium_CRCL_1_filtered_Ca,target_8svk_ca,1.4550316720483585,155,294
ref_Amphimedon_queenslandica_CRCL_7_filtered_Ca,target_8svk_ca,1.459586597372882,160,294
ref_Strongylocentrotus_purpuratus_CRCL_6_filtered_Ca,target_8svk_ca,1.4602418695686956,151,294
ref_Oscarella_pearsei_CRCL_1_filtered_Ca,target_8svk_ca,1.462470906144705,160,294
ref_Haliclona_tubifera_CRCL_2_filtered_Ca,target_8svk_ca,1.4649873140639718,156,294
ref_Amphimedon_queenslandica_CRCL_1_filtered_Ca,target_8spz_ca,1.4655070487479005,138,283
ref_Nematostella_vectensis_CRCL_5_filtered_Ca,target_8spz_ca,1.4663708017088473,136,283
ref_Halisarca_caerulea_CRCL_1_filtered_Ca,target_8spz_ca,1.4672820063394976,138,283
ref_Strongylocentrotus_purpuratus_CRCL_3_filtered_Ca,target_8spz_ca,1.4676805311162218,141,283
ref_Suberites_domuncula_CRCL_2_filtered_Ca,target_8svk_ca,1.4719616257466746,153,294
ref_Gallus_gallus_CRCL_1_filtered_Ca,target_8svk_ca,1.4797190561455622,160,294
ref_Trichoplax_adhaerens_CRCL_3_filtered_Ca,target_8spz_ca,1.4820402907509,134,283
ref_Danio_rerio_CRCL_2_filtered_Ca,target_8svk_ca,1.4874529990033696,163,294
ref_Xenopus_tropicalis_CRCL_2_filtered_Ca,target_8spz_ca,1.4957105917069602,131,283
ref_Amphimedon_queenslandica_CRCL_6_filtered_Ca,target_8svk_ca,1.497727194689392,155,294
ref_Hydra_vulgaris_CRCL_2_filtered_Ca,target_8svk_ca,1.5021492870203625,156,294
ref_Danio_rerio_CRCL_3_filtered_Ca,target_8spz_ca,1.5030173451404514,136,283
ref_Geodia_cydonium_CRCL_2_filtered_Ca,target_8svk_ca,1.5035536480085483,155,294
ref_Homo_sapiens_CRCL_1_filtered_Ca,target_8svk_ca,1.5064622119197588,160,294
ref_Amphimedon_queenslandica_CRCL_2_filtered_Ca,target_8svk_ca,1.510942238283146,155,294
ref_Homo_sapiens_CRCL_4_filtered_Ca,target_8svk_ca,1.5157365579827127,158,294
ref_Exaiptasia_pallida_CRCL_1_filtered_Ca,target_8spz_ca,1.5199552638969018,131,283
ref_Trichoplax_adhaerens_CRCL_2_filtered_Ca,target_8spz_ca,1.5217245627025748,136,283
ref_Hydra_vulgaris_CRCL_4_filtered_Ca,target_8svk_ca,1.5253731076054544,156,294
ref_Oscarella_lobularis_CRCL_1_filtered_Ca,target_8svk_ca,1.5264625897809498,155,294
ref_Gallus_gallus_CRCL_4_filtered_Ca,target_8svk_ca,1.5332499758047793,142,294
ref_Suberites_domuncula_CRCL_1_filtered_Ca,target_8svk_ca,1.5347632864705405,147,294
ref_Strongylocentrotus_purpuratus_CRCL_2_filtered_Ca,target_8spz_ca,1.5374843017825168,133,283
ref_Stylophora_pistillata_CRCL_3_filtered_Ca,target_8spz_ca,1.5389364459866737,162,283
ref_Homo_sapiens_CRCL_9_filtered_Ca,target_8svk_ca,1.5491073294329163,162,294
ref_Xenopus_tropicalis_CRCL_4_filtered_Ca,target_8svk_ca,1.5527097290459397,152,294
ref_Nematostella_vectensis_CRCL_2_filtered_Ca,target_8svk_ca,1.5530978159458284,148,294
ref_Danio_rerio_CRCL_8_filtered_Ca,target_8svk_ca,1.5544356658888736,145,294
ref_Danio_rerio_CRCL_7_filtered_Ca,target_8svk_ca,1.5623744129499084,146,294
ref_Amphimedon_queenslandica_CRCL_3_filtered_Ca,target_8svk_ca,1.5755660141608543,144,294
ref_Xenopus_tropicalis_CRCL_5_filtered_Ca,target_8svk_ca,1.5766478383957767,139,294
ref_Hydra_vulgaris_CRCL_1_filtered_Ca,target_8svk_ca,1.5848143126513292,143,294
ref_Acropora_digitifera_CRCL_1_filtered_Ca,target_8svk_ca,1.5906136915331648,150,294
ref_Strongylocentrotus_purpuratus_CRCL_9_filtered_Ca,target_8spz_ca,1.5924467087836205,122,283
ref_Strongylocentrotus_purpuratus_CRCL_4_filtered_Ca,target_8svk_ca,1.593449733257544,146,294
ref_Nematostella_vectensis_CRCL_3_filtered_Ca,target_8svk_ca,1.5991818706659588,148,294
ref_Halisarca_caerulea_CRCL_2_filtered_Ca,target_8svk_ca,1.6040280454892422,139,294
ref_Strongylocentrotus_purpuratus_CRCL_1_filtered_Ca,target_8svk_ca,1.6096223214054064,144,294
ref_Danio_rerio_CRCL_1_filtered_Ca,target_8svk_ca,1.6138266596454043,148,294
ref_Strongylocentrotus_purpuratus_CRCL_8_filtered_Ca,target_8svk_ca,1.6146782372285386,140,294
ref_Homo_sapiens_CRCL_3_filtered_Ca,target_8svk_ca,1.6149950661042622,141,294
ref_Hydra_vulgaris_CRCL_5_filtered_Ca,target_8svk_ca,1.6155052241387606,138,294
ref_Homo_sapiens_CRCL_8_filtered_Ca,target_8svk_ca,1.6183227365905977,145,294
ref_Danio_rerio_CRCL_5_filtered_Ca,target_8spz_ca,1.626544434650123,125,283
ref_Gallus_gallus_CRCL_5_filtered_Ca,target_8svk_ca,1.6270963352862973,140,294
ref_Xenopus_tropicalis_CRCL_6_filtered_Ca,target_8svk_ca,1.6344658785257633,138,294
ref_Amphimedon_queenslandica_CRCL_8_filtered_Ca,target_8svk_ca,1.6379541989830884,133,294
ref_Acropora_millepora_CRCL_2_filtered_Ca,target_8svk_ca,1.6391465649998853,147,294
ref_Homo_sapiens_CRCL_2_filtered_Ca,target_8svk_ca,1.6448242462618197,140,294
ref_Stylophora_pistillata_CRCL_4_filtered_Ca,target_8svk_ca,1.6463173337140702,141,294
ref_Gallus_gallus_CRCL_2_filtered_Ca,target_8spz_ca,1.6467084862022896,127,283
ref_Stylophora_pistillata_CRCL_6_filtered_Ca,target_8svk_ca,1.6607595294328985,149,294
ref_Nematostella_vectensis_CRCL_4_filtered_Ca,target_8svk_ca,1.6680635348740844,137,294
ref_Lubomirskia_baicalensis_CRCL_1_filtered_Ca,target_8svk_ca,1.6684913049976997,144,294
ref_Strongylocentrotus_purpuratus_CRCL_3_filtered_Ca,target_8svk_ca,1.670442549111143,141,294
ref_Stylophora_pistillata_CRCL_5_filtered_Ca,target_8svk_ca,1.6765217785756918,139,294
ref_Gallus_gallus_CRCL_3_filtered_Ca,target_8svk_ca,1.6808882165756893,149,294
ref_Halisarca_caerulea_CRCL_1_filtered_Ca,target_8svk_ca,1.6822993825908457,138,294
ref_Amphimedon_queenslandica_CRCL_1_filtered_Ca,target_8svk_ca,1.691320484166333,138,294
ref_Trichoplax_adhaerens_CRCL_3_filtered_Ca,target_8svk_ca,1.6923787161060908,134,294
ref_Xenopus_tropicalis_CRCL_3_filtered_Ca,target_8spz_ca,1.6949501823797712,125,283
ref_Trichoplax_adhaerens_CRCL_2_filtered_Ca,target_8svk_ca,1.7093498209557343,136,294
ref_Strongylocentrotus_purpuratus_CRCL_5_filtered_Ca,target_8spz_ca,1.711317475603897,119,283
ref_Stylophora_pistillata_CRCL_3_filtered_Ca,target_8svk_ca,1.718429748416119,162,294
ref_Nematostella_vectensis_CRCL_5_filtered_Ca,target_8svk_ca,1.7272487342891982,136,294
ref_Danio_rerio_CRCL_4_filtered_Ca,target_8svk_ca,1.7337407365886877,136,294
ref_Porites_astreoides_CRCL_1_filtered_Ca,target_8spz_ca,1.7507896069036073,116,283
ref_Strongylocentrotus_purpuratus_CRCL_2_filtered_Ca,target_8svk_ca,1.7695309992407198,133,294
ref_Xenopus_tropicalis_CRCL_2_filtered_Ca,target_8svk_ca,1.7697007170755081,131,294
ref_Danio_rerio_CRCL_3_filtered_Ca,target_8svk_ca,1.7769348476225326,136,294
ref_Strongylocentrotus_purpuratus_CRCL_9_filtered_Ca,target_8svk_ca,1.793459814857194,122,294
ref_Exaiptasia_pallida_CRCL_1_filtered_Ca,target_8svk_ca,1.7935746516847244,131,294
ref_Lubomirskia_baicalensis_CRCL_2_filtered_Ca,target_8spz_ca,1.884309412210312,106,283
ref_Danio_rerio_CRCL_5_filtered_Ca,target_8svk_ca,1.8870518765227935,125,294
ref_Gallus_gallus_CRCL_2_filtered_Ca,target_8svk_ca,1.9020917296772228,127,294
ref_Porites_astreoides_CRCL_1_filtered_Ca,target_8svk_ca,1.9412374617506707,116,294
ref_Ephydatia_muelleri_CRCL_1_filtered_Ca,target_8spz_ca,1.9443166291340717,112,283
ref_Strongylocentrotus_purpuratus_CRCL_5_filtered_Ca,target_8svk_ca,1.9503784397153663,119,294
ref_Xenopus_tropicalis_CRCL_3_filtered_Ca,target_8svk_ca,1.9868024226901229,125,294
ref_Porites_astreoides_CRCL_2_filtered_Ca,target_8spz_ca,2.0442663577453573,100,283
ref_Lubomirskia_baicalensis_CRCL_2_filtered_Ca,target_8svk_ca,2.1086693254956628,106,294
ref_Homo_sapiens_CRCL_10_filtered_Ca,target_8spf_ca,2.1104197892773784,204,422
ref_Stylophora_pistillata_CRCL_8_all_Ca,target_8spf_ca,2.1214962331404474,184,422
ref_Pocillopora_damicornis_CRCL_1_all_Ca,target_8spf_ca,2.136188843062232,184,422
ref_Gallus_gallus_CRCL_6_filtered_Ca,target_8spf_ca,2.150777357633836,181,422
ref_Pleurobrachia_pileus_CRCL_1_filtered_Ca,target_8spf_ca,2.1568374690293,194,422
ref_Halisarca_caerulea_CRCL_3_filtered_Ca,target_8spf_ca,2.165541005832827,181,422
ref_Xenopus_tropicalis_CRCL_9_all_Ca,target_8spf_ca,2.1736738535398463,198,422
ref_Trichoplax__adhaerens_CRCL_1_filtered_Ca,target_8spf_ca,2.1744750480689894,175,422
ref_Ephydatia_muelleri_CRCL_1_filtered_Ca,target_8svk_ca,2.185627132647532,112,294
ref_Gallus_gallus_CRCL_7_all_Ca,target_8spf_ca,2.2039418949225573,174,422
ref_Danio_rerio_CRCL_9_filtered_Ca,target_8spf_ca,2.250852225812169,165,422
ref_Mnemiopsis_leidyi_CRCL_1_filtered_Ca,target_8spf_ca,2.251020890574518,180,422
ref_Homo_sapiens_CRCL_7_filtered_Ca,target_8spf_ca,2.253122382496308,168,422
ref_Chondrosia_reniformis_CRCL_1_filtered_Ca,target_8spf_ca,2.2609934066614796,168,422
ref_Mus_musculus_CRCL_1_filtered_Ca,target_8spf_ca,2.2696980714295174,165,422
ref_Porites_astreoides_CRCL_2_filtered_Ca,target_8svk_ca,2.2734384310309017,100,294
ref_Haliclona_tubifera_CRCL_5_filtered_Ca,target_8spf_ca,2.2786931776453994,172,422
ref_Stylophora_pistillata_CRCL_2_filtered_Ca,target_8spf_ca,2.279300675144562,175,422
ref_Trichoplax_adhaerens_CRCL_1_filtered_Ca,target_8spf_ca,2.2854332302716847,167,422
ref_Hormiphora_californensis_CRCL_1_filtered_Ca,target_8spf_ca,2.291449812328584,170,422
ref_Ephydatia_muelleri_CRCL_2_filtered_Ca,target_8spf_ca,2.293835473976318,163,422
ref_Xenopus_tropicalis_CRCL_7_filtered_Ca,target_8spf_ca,2.29549040525644,170,422
ref_Amphimedon_queenslandica_CRCL_4_filtered_Ca,target_8spz_ca,2.2956673100337643,88,283
ref_Beroe_ovata_CRCL_1_filtered_Ca,target_8spf_ca,2.295691985475013,167,422
ref_Haliclona_tubifera_CRCL_4_filtered_Ca,target_8spf_ca,2.298895021874938,172,422
ref_Homo_sapiens_CRCL_6_filtered_Ca,target_8spf_ca,2.302402895052603,169,422
ref_Danio_rerio_CRCL_10_filtered_Ca,target_8spf_ca,2.310605053173294,176,422
ref_Nematostella_vectensis_CRCL_6_filtered_Ca,target_8spf_ca,2.311230733172186,165,422
ref_Stylophora_pistillata_CRCL_9_filtered_Ca,target_8spf_ca,2.319449622433322,166,422
ref_Xenopus_tropicalis_CRCL_8_filtered_Ca,target_8spf_ca,2.327800469220428,160,422
ref_Amphimedon_queenslandica_CRCL_5_filtered_Ca,target_8spf_ca,2.328146007052146,161,422
ref_Xenopus_tropicalis_CRCL_1_filtered_Ca,target_8spf_ca,2.3344565644403463,179,422
ref_Orbicella_faveolata_CRCL_1_filtered_Ca,target_8spf_ca,2.3438902844718386,164,422
ref_Acropora_millepora_CRCL_1_filtered_Ca,target_8spf_ca,2.347874444818323,165,422
ref_Danio_rerio_CRCL_6_filtered_Ca,target_8spf_ca,2.357918250926812,162,422
ref_Strongylocentrotus_purpuratus_CRCL_7_filtered_Ca,target_8spf_ca,2.358244346498181,154,422
ref_Haliclona_tubifera_CRCL_3_filtered_Ca,target_8spf_ca,2.3681285887593293,164,422
ref_Stylophora_pistillata_CRCL_1_filtered_Ca,target_8spf_ca,2.375631138926417,163,422
ref_Nematostella_vectensis_CRCL_1_filtered_Ca,target_8spz_ca,2.3846601620967482,95,283
ref_Haliclona_tubifera_CRCL_1_filtered_Ca,target_8spf_ca,2.3902873157507836,156,422
ref_Stylophora_pistillata_CRCL_7_filtered_Ca,target_8spf_ca,2.3914724880291334,159,422
ref_Amphimedon_queenslandica_CRCL_7_filtered_Ca,target_8spf_ca,2.4030210558230336,160,422
ref_Oscarella_pearsei_CRCL_1_filtered_Ca,target_8spf_ca,2.4041918657651378,160,422
ref_Haliclona_tubifera_CRCL_2_filtered_Ca,target_8spf_ca,2.4179422881401322,156,422
ref_Hydra_vulgaris_CRCL_2_filtered_Ca,target_8spf_ca,2.4228557962951487,156,422
ref_Hydra_vulgaris_CRCL_3_filtered_Ca,target_8spf_ca,2.42448730316324,164,422
ref_Homo_sapiens_CRCL_5_filtered_Ca,target_8spf_ca,2.4295183157901015,153,422
ref_Strongylocentrotus_purpuratus_CRCL_6_filtered_Ca,target_8spf_ca,2.432111572437806,151,422
ref_Geodia_cydonium_CRCL_1_filtered_Ca,target_8spf_ca,2.437223894411439,155,422
ref_Homo_sapiens_CRCL_11_filtered_Ca,target_8spz_ca,2.4396712927855617,120,283
ref_Suberites_domuncula_CRCL_2_filtered_Ca,target_8spf_ca,2.4438755676641524,153,422
ref_Gallus_gallus_CRCL_1_filtered_Ca,target_8spf_ca,2.445727671439455,160,422
ref_Amphimedon_queenslandica_CRCL_2_filtered_Ca,target_8spf_ca,2.4458806913241324,155,422
ref_Amphimedon_queenslandica_CRCL_6_filtered_Ca,target_8spf_ca,2.4545933714311308,155,422
ref_Homo_sapiens_CRCL_4_filtered_Ca,target_8spf_ca,2.4583902920809626,158,422
ref_Danio_rerio_CRCL_2_filtered_Ca,target_8spf_ca,2.4788846319310225,163,422
ref_Oscarella_lobularis_CRCL_1_filtered_Ca,target_8spf_ca,2.4851705850997066,155,422
ref_Gallus_gallus_CRCL_3_filtered_Ca,target_8spf_ca,2.489888907682698,149,422
ref_Acropora_digitifera_CRCL_1_filtered_Ca,target_8spf_ca,2.4958180854692182,150,422
ref_Suberites_domuncula_CRCL_1_filtered_Ca,target_8spf_ca,2.503884485745758,147,422
ref_Hydra_vulgaris_CRCL_4_filtered_Ca,target_8spf_ca,2.5046326849549723,156,422
ref_Xenopus_tropicalis_CRCL_4_filtered_Ca,target_8spf_ca,2.5049473463070964,152,422
ref_Homo_sapiens_CRCL_1_filtered_Ca,target_8spf_ca,2.507117060605698,160,422
ref_Homo_sapiens_CRCL_9_filtered_Ca,target_8spf_ca,2.5087237309347357,162,422
ref_Geodia_cydonium_CRCL_2_filtered_Ca,target_8spf_ca,2.5152377567346917,155,422
ref_Amphimedon_queenslandica_CRCL_4_filtered_Ca,target_8svk_ca,2.5178435302397086,88,294
ref_Danio_rerio_CRCL_7_filtered_Ca,target_8spf_ca,2.5315197508800455,146,422
ref_Acropora_millepora_CRCL_2_filtered_Ca,target_8spf_ca,2.538483361494138,147,422
ref_Strongylocentrotus_purpuratus_CRCL_4_filtered_Ca,target_8spf_ca,2.5409128525022178,146,422
ref_Nematostella_vectensis_CRCL_2_filtered_Ca,target_8spf_ca,2.545927398561149,148,422
ref_Gallus_gallus_CRCL_4_filtered_Ca,target_8spf_ca,2.5577267917018185,142,422
ref_Danio_rerio_CRCL_8_filtered_Ca,target_8spf_ca,2.560415986277399,145,422
ref_Amphimedon_queenslandica_CRCL_3_filtered_Ca,target_8spf_ca,2.5605462272141324,144,422
ref_Nematostella_vectensis_CRCL_3_filtered_Ca,target_8spf_ca,2.563165313418353,148,422
ref_Homo_sapiens_CRCL_3_filtered_Ca,target_8spf_ca,2.5674787367401084,141,422
ref_Nematostella_vectensis_CRCL_1_filtered_Ca,target_8svk_ca,2.5756568620680023,95,294
ref_Danio_rerio_CRCL_1_filtered_Ca,target_8spf_ca,2.575688220454681,148,422
ref_Halisarca_caerulea_CRCL_2_filtered_Ca,target_8spf_ca,2.5806636808662113,139,422
ref_Strongylocentrotus_purpuratus_CRCL_1_filtered_Ca,target_8spf_ca,2.5815661980483338,144,422
ref_Xenopus_tropicalis_CRCL_5_filtered_Ca,target_8spf_ca,2.5933893694015953,139,422
ref_Lubomirskia_baicalensis_CRCL_1_filtered_Ca,target_8spf_ca,2.5945582958945175,144,422
ref_Homo_sapiens_CRCL_2_filtered_Ca,target_8spf_ca,2.599477263910652,140,422
ref_Homo_sapiens_CRCL_8_filtered_Ca,target_8spf_ca,2.6015501831188987,145,422
ref_Strongylocentrotus_purpuratus_CRCL_8_filtered_Ca,target_8spf_ca,2.607053913783196,140,422
ref_Hydra_vulgaris_CRCL_1_filtered_Ca,target_8spf_ca,2.6077728763044865,143,422
ref_Gallus_gallus_CRCL_5_filtered_Ca,target_8spf_ca,2.6088777135648575,140,422
ref_Homo_sapiens_CRCL_10_filtered_Ca,target_8g1t_ca,2.6146491604675663,204,565
ref_Homo_sapiens_CRCL_11_filtered_Ca,target_8svk_ca,2.6232595223653514,120,294
ref_Stylophora_pistillata_CRCL_4_filtered_Ca,target_8spf_ca,2.637046613573739,141,422
ref_Stylophora_pistillata_CRCL_6_filtered_Ca,target_8spf_ca,2.6413245816019124,149,422
ref_Danio_rerio_CRCL_4_filtered_Ca,target_8spf_ca,2.6453504978406217,136,422
ref_Hydra_vulgaris_CRCL_5_filtered_Ca,target_8spf_ca,2.6464075133838407,138,422
ref_Stylophora_pistillata_CRCL_5_filtered_Ca,target_8spf_ca,2.6468170752984923,139,422
ref_Nematostella_vectensis_CRCL_5_filtered_Ca,target_8spf_ca,2.6479445334656573,136,422
ref_Xenopus_tropicalis_CRCL_6_filtered_Ca,target_8spf_ca,2.649107479857374,138,422
ref_Pocillopora_damicornis_CRCL_1_all_Ca,target_8g1t_ca,2.6513092012483335,184,565
ref_Stylophora_pistillata_CRCL_8_all_Ca,target_8g1t_ca,2.655550397910299,184,565
ref_Danio_rerio_CRCL_3_filtered_Ca,target_8spf_ca,2.657728415188172,136,422
ref_Amphimedon_queenslandica_CRCL_8_filtered_Ca,target_8spf_ca,2.6587791612561262,133,422
ref_Halisarca_caerulea_CRCL_1_filtered_Ca,target_8spf_ca,2.6618367291896265,138,422
ref_Nematostella_vectensis_CRCL_4_filtered_Ca,target_8spf_ca,2.6624895276016214,137,422
ref_Strongylocentrotus_purpuratus_CRCL_3_filtered_Ca,target_8spf_ca,2.6694328240802103,141,422
ref_Amphimedon_queenslandica_CRCL_1_filtered_Ca,target_8spf_ca,2.6729024771364447,138,422
ref_Haliclona_tubifera_CRCL_6_filtered_Ca,target_8spz_ca,2.688413651841393,55,283
ref_Stylophora_pistillata_CRCL_3_filtered_Ca,target_8spf_ca,2.692632095535903,162,422
ref_Halisarca_caerulea_CRCL_3_filtered_Ca,target_8g1t_ca,2.695675586777251,181,565
ref_Gallus_gallus_CRCL_6_filtered_Ca,target_8g1t_ca,2.7013150246563997,181,565
ref_Trichoplax_adhaerens_CRCL_3_filtered_Ca,target_8spf_ca,2.7014744036577665,134,422
ref_Exaiptasia_pallida_CRCL_1_filtered_Ca,target_8spf_ca,2.70517535542932,131,422
ref_Xenopus_tropicalis_CRCL_9_all_Ca,target_8g1t_ca,2.7082479441060374,198,565
ref_Xenopus_tropicalis_CRCL_2_filtered_Ca,target_8spf_ca,2.708580259377415,131,422
ref_Pleurobrachia_pileus_CRCL_1_filtered_Ca,target_8g1t_ca,2.7101666814119127,194,565
ref_Trichoplax_adhaerens_CRCL_2_filtered_Ca,target_8spf_ca,2.7277225659982656,136,422
ref_Trichoplax__adhaerens_CRCL_1_filtered_Ca,target_8g1t_ca,2.7325817652286295,175,565
ref_Gallus_gallus_CRCL_7_all_Ca,target_8g1t_ca,2.743456861700712,174,565
ref_Gallus_gallus_CRCL_2_filtered_Ca,target_8spf_ca,2.755433465403302,127,422
ref_Strongylocentrotus_purpuratus_CRCL_2_filtered_Ca,target_8spf_ca,2.763865150408826,133,422
ref_Mnemiopsis_leidyi_CRCL_1_filtered_Ca,target_8g1t_ca,2.791513319177633,180,565
ref_Homo_sapiens_CRCL_7_filtered_Ca,target_8g1t_ca,2.795288891276157,168,565
ref_Danio_rerio_CRCL_9_filtered_Ca,target_8g1t_ca,2.7953338995525043,165,565
ref_Chondrosia_reniformis_CRCL_1_filtered_Ca,target_8g1t_ca,2.804863198529497,168,565
ref_Stylophora_pistillata_CRCL_2_filtered_Ca,target_8g1t_ca,2.8058314584994597,175,565
ref_Strongylocentrotus_purpuratus_CRCL_9_filtered_Ca,target_8spf_ca,2.8132002641518117,122,422
ref_Mus_musculus_CRCL_1_filtered_Ca,target_8g1t_ca,2.8214354796283323,165,565
ref_Haliclona_tubifera_CRCL_4_filtered_Ca,target_8g1t_ca,2.8251932072466843,172,565
ref_Hormiphora_californensis_CRCL_1_filtered_Ca,target_8g1t_ca,2.830059126436492,170,565
ref_Haliclona_tubifera_CRCL_5_filtered_Ca,target_8g1t_ca,2.830159551736396,172,565
ref_Trichoplax_adhaerens_CRCL_1_filtered_Ca,target_8g1t_ca,2.833957669006697,167,565
ref_Homo_sapiens_CRCL_6_filtered_Ca,target_8g1t_ca,2.8343211662099344,169,565
ref_Danio_rerio_CRCL_10_filtered_Ca,target_8g1t_ca,2.8397063824334516,176,565
ref_Stylophora_pistillata_CRCL_9_filtered_Ca,target_8g1t_ca,2.8417852357912303,166,565
ref_Xenopus_tropicalis_CRCL_1_filtered_Ca,target_8g1t_ca,2.843308235180205,179,565
ref_Beroe_ovata_CRCL_1_filtered_Ca,target_8g1t_ca,2.8468075565741104,167,565
ref_Danio_rerio_CRCL_5_filtered_Ca,target_8spf_ca,2.8493191761374965,125,422
ref_Ephydatia_muelleri_CRCL_2_filtered_Ca,target_8g1t_ca,2.853104471365872,163,565
ref_Nematostella_vectensis_CRCL_6_filtered_Ca,target_8g1t_ca,2.853953548301761,165,565
ref_Xenopus_tropicalis_CRCL_8_filtered_Ca,target_8g1t_ca,2.858951640991857,160,565
ref_Xenopus_tropicalis_CRCL_7_filtered_Ca,target_8g1t_ca,2.865363894651518,170,565
ref_Xenopus_tropicalis_CRCL_3_filtered_Ca,target_8spf_ca,2.870221259021171,125,422
ref_Orbicella_faveolata_CRCL_1_filtered_Ca,target_8g1t_ca,2.871813756007757,164,565
ref_Amphimedon_queenslandica_CRCL_5_filtered_Ca,target_8g1t_ca,2.8723337384023577,161,565
ref_Acropora_millepora_CRCL_1_filtered_Ca,target_8g1t_ca,2.8726776841777837,165,565
ref_Haliclona_tubifera_CRCL_3_filtered_Ca,target_8g1t_ca,2.8905248558557064,164,565
ref_Danio_rerio_CRCL_6_filtered_Ca,target_8g1t_ca,2.892750111277719,162,565
ref_Stylophora_pistillata_CRCL_1_filtered_Ca,target_8g1t_ca,2.909866981659701,163,565
ref_Stylophora_pistillata_CRCL_7_filtered_Ca,target_8g1t_ca,2.9099500394042166,159,565
ref_Strongylocentrotus_purpuratus_CRCL_5_filtered_Ca,target_8spf_ca,2.9106327974316972,119,422
ref_Haliclona_tubifera_CRCL_1_filtered_Ca,target_8g1t_ca,2.920182967365705,156,565
ref_Amphimedon_queenslandica_CRCL_7_filtered_Ca,target_8g1t_ca,2.9324583464152276,160,565
ref_Haliclona_tubifera_CRCL_6_filtered_Ca,target_8svk_ca,2.936488409188688,55,294
ref_Hydra_vulgaris_CRCL_3_filtered_Ca,target_8g1t_ca,2.9424560155673385,164,565
ref_Oscarella_pearsei_CRCL_1_filtered_Ca,target_8g1t_ca,2.947420950604394,160,565
ref_Haliclona_tubifera_CRCL_2_filtered_Ca,target_8g1t_ca,2.9485479416977673,156,565
ref_Gallus_gallus_CRCL_1_filtered_Ca,target_8g1t_ca,2.9494283645748847,160,565
ref_Hydra_vulgaris_CRCL_2_filtered_Ca,target_8g1t_ca,2.9506580630531385,156,565
ref_Porites_astreoides_CRCL_1_filtered_Ca,target_8spf_ca,2.9510604521151653,116,422
ref_Homo_sapiens_CRCL_5_filtered_Ca,target_8g1t_ca,2.9549453103973367,153,565
ref_Geodia_cydonium_CRCL_1_filtered_Ca,target_8g1t_ca,2.9575294373890144,155,565
ref_Danio_rerio_CRCL_2_filtered_Ca,target_8g1t_ca,2.9624465432769047,163,565
ref_Strongylocentrotus_purpuratus_CRCL_6_filtered_Ca,target_8g1t_ca,2.9626281848887084,151,565
ref_Strongylocentrotus_purpuratus_CRCL_7_filtered_Ca,target_8g1t_ca,2.964041865896167,154,565
ref_Homo_sapiens_CRCL_4_filtered_Ca,target_8g1t_ca,2.9668279321681896,158,565
ref_Amphimedon_queenslandica_CRCL_6_filtered_Ca,target_8g1t_ca,2.9728595726450395,155,565
ref_Amphimedon_queenslandica_CRCL_2_filtered_Ca,target_8g1t_ca,2.975034764564173,155,565
ref_Suberites_domuncula_CRCL_2_filtered_Ca,target_8g1t_ca,2.9758570347191284,153,565
ref_Homo_sapiens_CRCL_1_filtered_Ca,target_8g1t_ca,3.0008081221876592,160,565
ref_Geodia_cydonium_CRCL_2_filtered_Ca,target_8g1t_ca,3.004005168422883,155,565
ref_Oscarella_lobularis_CRCL_1_filtered_Ca,target_8g1t_ca,3.010243898653112,155,565
ref_Suberites_domuncula_CRCL_1_filtered_Ca,target_8g1t_ca,3.0239981847928097,147,565
ref_Hydra_vulgaris_CRCL_4_filtered_Ca,target_8g1t_ca,3.024744643623777,156,565
ref_Homo_sapiens_CRCL_9_filtered_Ca,target_8g1t_ca,3.026241204242903,162,565
ref_Xenopus_tropicalis_CRCL_4_filtered_Ca,target_8g1t_ca,3.0289317844213106,152,565
ref_Acropora_digitifera_CRCL_1_filtered_Ca,target_8g1t_ca,3.034797524505365,150,565
ref_Danio_rerio_CRCL_7_filtered_Ca,target_8g1t_ca,3.0422212686451116,146,565
ref_Nematostella_vectensis_CRCL_2_filtered_Ca,target_8g1t_ca,3.0428953245262735,148,565
ref_Danio_rerio_CRCL_1_filtered_Ca,target_8g1t_ca,3.048076211808499,148,565
ref_Nematostella_vectensis_CRCL_3_filtered_Ca,target_8g1t_ca,3.057196292242701,148,565
ref_Gallus_gallus_CRCL_4_filtered_Ca,target_8g1t_ca,3.066646658344713,142,565
ref_Danio_rerio_CRCL_8_filtered_Ca,target_8g1t_ca,3.0668342248476295,145,565
ref_Acropora_millepora_CRCL_2_filtered_Ca,target_8g1t_ca,3.068661848516719,147,565
ref_Gallus_gallus_CRCL_3_filtered_Ca,target_8g1t_ca,3.0712082867651924,149,565
ref_Strongylocentrotus_purpuratus_CRCL_4_filtered_Ca,target_8g1t_ca,3.076154501581485,146,565
ref_Strongylocentrotus_purpuratus_CRCL_1_filtered_Ca,target_8g1t_ca,3.0765163178822275,144,565
ref_Amphimedon_queenslandica_CRCL_3_filtered_Ca,target_8g1t_ca,3.079441567111028,144,565
ref_Homo_sapiens_CRCL_3_filtered_Ca,target_8g1t_ca,3.0897934417689084,141,565
ref_Lubomirskia_baicalensis_CRCL_2_filtered_Ca,target_8spf_ca,3.0927996121184855,106,422
ref_Lubomirskia_baicalensis_CRCL_1_filtered_Ca,target_8g1t_ca,3.0954225195390146,144,565
ref_Ephydatia_muelleri_CRCL_1_filtered_Ca,target_8spf_ca,3.1003074353536864,112,422
ref_Hydra_vulgaris_CRCL_1_filtered_Ca,target_8g1t_ca,3.1029524453444837,143,565
ref_Halisarca_caerulea_CRCL_2_filtered_Ca,target_8g1t_ca,3.1045784460277517,139,565
ref_Homo_sapiens_CRCL_8_filtered_Ca,target_8g1t_ca,3.1049697379149217,145,565
ref_Strongylocentrotus_purpuratus_CRCL_8_filtered_Ca,target_8g1t_ca,3.1049920853482655,140,565
ref_Xenopus_tropicalis_CRCL_5_filtered_Ca,target_8g1t_ca,3.1065357197391505,139,565
ref_Gallus_gallus_CRCL_5_filtered_Ca,target_8g1t_ca,3.110288911120427,140,565
ref_Homo_sapiens_CRCL_2_filtered_Ca,target_8g1t_ca,3.1133808639472416,140,565
ref_Stylophora_pistillata_CRCL_4_filtered_Ca,target_8g1t_ca,3.131201965377748,141,565
ref_Stylophora_pistillata_CRCL_6_filtered_Ca,target_8g1t_ca,3.1352514222678813,149,565
ref_Stylophora_pistillata_CRCL_5_filtered_Ca,target_8g1t_ca,3.1394645453751537,139,565
ref_Xenopus_tropicalis_CRCL_6_filtered_Ca,target_8g1t_ca,3.140506243190607,138,565
ref_Hydra_vulgaris_CRCL_5_filtered_Ca,target_8g1t_ca,3.140785425780262,138,565
ref_Nematostella_vectensis_CRCL_4_filtered_Ca,target_8g1t_ca,3.1476590558736603,137,565
ref_Nematostella_vectensis_CRCL_5_filtered_Ca,target_8g1t_ca,3.157212533011702,136,565
ref_Strongylocentrotus_purpuratus_CRCL_3_filtered_Ca,target_8g1t_ca,3.160397235199611,141,565
ref_Halisarca_caerulea_CRCL_1_filtered_Ca,target_8g1t_ca,3.16060594642232,138,565
ref_Danio_rerio_CRCL_3_filtered_Ca,target_8g1t_ca,3.1633380814552257,136,565
ref_Danio_rerio_CRCL_4_filtered_Ca,target_8g1t_ca,3.166196472392416,136,565
ref_Stylophora_pistillata_CRCL_3_filtered_Ca,target_8g1t_ca,3.1689631679246277,162,565
ref_Amphimedon_queenslandica_CRCL_8_filtered_Ca,target_8g1t_ca,3.1689645425418584,133,565
ref_Amphimedon_queenslandica_CRCL_1_filtered_Ca,target_8g1t_ca,3.176847106861842,138,565
ref_Trichoplax_adhaerens_CRCL_3_filtered_Ca,target_8g1t_ca,3.1845362367806525,134,565
ref_Xenopus_tropicalis_CRCL_2_filtered_Ca,target_8g1t_ca,3.2112545635099106,131,565
ref_Trichoplax_adhaerens_CRCL_2_filtered_Ca,target_8g1t_ca,3.2140888902445264,136,565
ref_Porites_astreoides_CRCL_2_filtered_Ca,target_8spf_ca,3.2189015999125727,100,422
ref_Exaiptasia_pallida_CRCL_1_filtered_Ca,target_8g1t_ca,3.222152792985049,131,565
ref_Strongylocentrotus_purpuratus_CRCL_2_filtered_Ca,target_8g1t_ca,3.2451588127138975,133,565
ref_Homo_sapiens_CRCL_11_filtered_Ca,target_8spf_ca,3.2726932639145003,120,422
ref_Gallus_gallus_CRCL_2_filtered_Ca,target_8g1t_ca,3.2847317186105354,127,565
ref_Strongylocentrotus_purpuratus_CRCL_9_filtered_Ca,target_8g1t_ca,3.294063691897573,122,565
ref_Danio_rerio_CRCL_5_filtered_Ca,target_8g1t_ca,3.3361828137186262,125,565
ref_Xenopus_tropicalis_CRCL_3_filtered_Ca,target_8g1t_ca,3.362614629602873,125,565
ref_Strongylocentrotus_purpuratus_CRCL_5_filtered_Ca,target_8g1t_ca,3.3826543596554868,119,565
ref_Porites_astreoides_CRCL_1_filtered_Ca,target_8g1t_ca,3.4185101355768093,116,565
ref_Amphimedon_queenslandica_CRCL_4_filtered_Ca,target_8spf_ca,3.437916115075577,88,422
ref_Nematostella_vectensis_CRCL_1_filtered_Ca,target_8spf_ca,3.4932740345691085,95,422
ref_Lubomirskia_baicalensis_CRCL_2_filtered_Ca,target_8g1t_ca,3.541537335485435,106,565
ref_Ephydatia_muelleri_CRCL_1_filtered_Ca,target_8g1t_ca,3.546483435598378,112,565
ref_Porites_astreoides_CRCL_2_filtered_Ca,target_8g1t_ca,3.6495920353557554,100,565
ref_Haliclona_tubifera_CRCL_6_filtered_Ca,target_8spf_ca,3.8147082128417993,55,422
ref_Amphimedon_queenslandica_CRCL_4_filtered_Ca,target_8g1t_ca,3.8225979730226656,88,565
ref_Homo_sapiens_CRCL_11_filtered_Ca,target_8g1t_ca,3.83618051571684,120,565
ref_Nematostella_vectensis_CRCL_1_filtered_Ca,target_8g1t_ca,3.85735138119626,95,565
ref_Haliclona_tubifera_CRCL_6_filtered_Ca,target_8g1t_ca,4.132852346227206,55,565
ref_Homo_sapiens_CRCL_10_filtered_Ca,target_8spe_ca,4.569588622638338,204,2453
ref_Stylophora_pistillata_CRCL_8_all_Ca,target_8spe_ca,4.594068789453902,184,2453
ref_Pocillopora_damicornis_CRCL_1_all_Ca,target_8spe_ca,4.595007926341112,184,2453
ref_Xenopus_tropicalis_CRCL_9_all_Ca,target_8spe_ca,4.600597481124659,198,2453
ref_Pleurobrachia_pileus_CRCL_1_filtered_Ca,target_8spe_ca,4.6039820288569215,194,2453
ref_Gallus_gallus_CRCL_6_filtered_Ca,target_8spe_ca,4.6093081020892805,181,2453
ref_Halisarca_caerulea_CRCL_3_filtered_Ca,target_8spe_ca,4.612632471004008,181,2453
ref_Gallus_gallus_CRCL_7_all_Ca,target_8spe_ca,4.629880406507667,174,2453
ref_Trichoplax__adhaerens_CRCL_1_filtered_Ca,target_8spe_ca,4.630169149588282,175,2453
ref_Mnemiopsis_leidyi_CRCL_1_filtered_Ca,target_8spe_ca,4.637673450740832,180,2453
ref_Stylophora_pistillata_CRCL_2_filtered_Ca,target_8spe_ca,4.6467214177389105,175,2453
ref_Haliclona_tubifera_CRCL_5_filtered_Ca,target_8spe_ca,4.648751586164419,172,2453
ref_Homo_sapiens_CRCL_7_filtered_Ca,target_8spe_ca,4.652277849327403,168,2453
ref_Chondrosia_reniformis_CRCL_1_filtered_Ca,target_8spe_ca,4.652383976815172,168,2453
ref_Xenopus_tropicalis_CRCL_1_filtered_Ca,target_8spe_ca,4.656187169178431,179,2453
ref_Homo_sapiens_CRCL_6_filtered_Ca,target_8spe_ca,4.656544132594786,169,2453
ref_Haliclona_tubifera_CRCL_4_filtered_Ca,target_8spe_ca,4.6568223110237135,172,2453
ref_Danio_rerio_CRCL_9_filtered_Ca,target_8spe_ca,4.657017739056734,165,2453
ref_Trichoplax_adhaerens_CRCL_1_filtered_Ca,target_8spe_ca,4.657486554090914,167,2453
ref_Hormiphora_californensis_CRCL_1_filtered_Ca,target_8spe_ca,4.65783173361141,170,2453
ref_Danio_rerio_CRCL_10_filtered_Ca,target_8spe_ca,4.658044900642534,176,2453
ref_Xenopus_tropicalis_CRCL_7_filtered_Ca,target_8spe_ca,4.661214970384282,170,2453
ref_Beroe_ovata_CRCL_1_filtered_Ca,target_8spe_ca,4.663895268614952,167,2453
ref_Stylophora_pistillata_CRCL_9_filtered_Ca,target_8spe_ca,4.664150937672791,166,2453
ref_Mus_musculus_CRCL_1_filtered_Ca,target_8spe_ca,4.664536779843579,165,2453
ref_Ephydatia_muelleri_CRCL_2_filtered_Ca,target_8spe_ca,4.6682189252208275,163,2453
ref_Orbicella_faveolata_CRCL_1_filtered_Ca,target_8spe_ca,4.670999671618328,164,2453
ref_Nematostella_vectensis_CRCL_6_filtered_Ca,target_8spe_ca,4.671010513518726,165,2453
ref_Amphimedon_queenslandica_CRCL_5_filtered_Ca,target_8spe_ca,4.6771105399624835,161,2453
ref_Acropora_millepora_CRCL_1_filtered_Ca,target_8spe_ca,4.677191682501764,165,2453
ref_Xenopus_tropicalis_CRCL_8_filtered_Ca,target_8spe_ca,4.67721294514008,160,2453
ref_Haliclona_tubifera_CRCL_3_filtered_Ca,target_8spe_ca,4.6779200234635745,164,2453
ref_Danio_rerio_CRCL_6_filtered_Ca,target_8spe_ca,4.6804015116812625,162,2453
ref_Stylophora_pistillata_CRCL_1_filtered_Ca,target_8spe_ca,4.6864678125908545,163,2453
ref_Stylophora_pistillata_CRCL_7_filtered_Ca,target_8spe_ca,4.689730806013166,159,2453
ref_Haliclona_tubifera_CRCL_1_filtered_Ca,target_8spe_ca,4.690873118827576,156,2453
ref_Oscarella_pearsei_CRCL_1_filtered_Ca,target_8spe_ca,4.6909877673037155,160,2453
ref_Amphimedon_queenslandica_CRCL_7_filtered_Ca,target_8spe_ca,4.694435408645758,160,2453
ref_Danio_rerio_CRCL_2_filtered_Ca,target_8spe_ca,4.694630194234398,163,2453
ref_Hydra_vulgaris_CRCL_3_filtered_Ca,target_8spe_ca,4.694958682766032,164,2453
ref_Gallus_gallus_CRCL_1_filtered_Ca,target_8spe_ca,4.696010451014955,160,2453
ref_Strongylocentrotus_purpuratus_CRCL_7_filtered_Ca,target_8spe_ca,4.696977339796732,154,2453
ref_Homo_sapiens_CRCL_9_filtered_Ca,target_8spe_ca,4.69894158700383,162,2453
ref_Hydra_vulgaris_CRCL_2_filtered_Ca,target_8spe_ca,4.700457436572238,156,2453
ref_Homo_sapiens_CRCL_4_filtered_Ca,target_8spe_ca,4.703366835842328,158,2453
ref_Homo_sapiens_CRCL_5_filtered_Ca,target_8spe_ca,4.704755526886201,153,2453
ref_Geodia_cydonium_CRCL_1_filtered_Ca,target_8spe_ca,4.705029776761262,155,2453
ref_Haliclona_tubifera_CRCL_2_filtered_Ca,target_8spe_ca,4.706255783091479,156,2453
ref_Amphimedon_queenslandica_CRCL_6_filtered_Ca,target_8spe_ca,4.7101810644493955,155,2453
ref_Suberites_domuncula_CRCL_2_filtered_Ca,target_8spe_ca,4.710395747756143,153,2453
ref_Oscarella_lobularis_CRCL_1_filtered_Ca,target_8spe_ca,4.711597329949672,155,2453
ref_Amphimedon_queenslandica_CRCL_2_filtered_Ca,target_8spe_ca,4.712080005492922,155,2453
ref_Strongylocentrotus_purpuratus_CRCL_6_filtered_Ca,target_8spe_ca,4.712136454325322,151,2453
ref_Geodia_cydonium_CRCL_2_filtered_Ca,target_8spe_ca,4.714774923427197,155,2453
ref_Homo_sapiens_CRCL_1_filtered_Ca,target_8spe_ca,4.715395801789157,160,2453
ref_Gallus_gallus_CRCL_3_filtered_Ca,target_8spe_ca,4.717519353192776,149,2453
ref_Acropora_digitifera_CRCL_1_filtered_Ca,target_8spe_ca,4.719589180921958,150,2453
ref_Hydra_vulgaris_CRCL_4_filtered_Ca,target_8spe_ca,4.719923832317389,156,2453
ref_Xenopus_tropicalis_CRCL_4_filtered_Ca,target_8spe_ca,4.722541035596032,152,2453
ref_Suberites_domuncula_CRCL_1_filtered_Ca,target_8spe_ca,4.729971113874005,147,2453
ref_Danio_rerio_CRCL_1_filtered_Ca,target_8spe_ca,4.730737851761034,148,2453
ref_Nematostella_vectensis_CRCL_2_filtered_Ca,target_8spe_ca,4.731241641077243,148,2453
ref_Acropora_millepora_CRCL_2_filtered_Ca,target_8spe_ca,4.732371201503773,147,2453
ref_Strongylocentrotus_purpuratus_CRCL_4_filtered_Ca,target_8spe_ca,4.7336147627494185,146,2453
ref_Danio_rerio_CRCL_7_filtered_Ca,target_8spe_ca,4.733740429326791,146,2453
ref_Nematostella_vectensis_CRCL_3_filtered_Ca,target_8spe_ca,4.735495581640713,148,2453
ref_Danio_rerio_CRCL_8_filtered_Ca,target_8spe_ca,4.742188440933879,145,2453
ref_Strongylocentrotus_purpuratus_CRCL_1_filtered_Ca,target_8spe_ca,4.744768409130941,144,2453
ref_Gallus_gallus_CRCL_4_filtered_Ca,target_8spe_ca,4.745826923901976,142,2453
ref_Lubomirskia_baicalensis_CRCL_1_filtered_Ca,target_8spe_ca,4.748579227295215,144,2453
ref_Homo_sapiens_CRCL_8_filtered_Ca,target_8spe_ca,4.7490583203417405,145,2453
ref_Amphimedon_queenslandica_CRCL_3_filtered_Ca,target_8spe_ca,4.750917482100855,144,2453
ref_Hydra_vulgaris_CRCL_1_filtered_Ca,target_8spe_ca,4.7512462564156115,143,2453
ref_Homo_sapiens_CRCL_3_filtered_Ca,target_8spe_ca,4.751918203291561,141,2453
ref_Stylophora_pistillata_CRCL_6_filtered_Ca,target_8spe_ca,4.754764808829877,149,2453
ref_Gallus_gallus_CRCL_5_filtered_Ca,target_8spe_ca,4.755473440823569,140,2453
ref_Stylophora_pistillata_CRCL_3_filtered_Ca,target_8spe_ca,4.755871657094788,162,2453
ref_Halisarca_caerulea_CRCL_2_filtered_Ca,target_8spe_ca,4.756404278167621,139,2453
ref_Stylophora_pistillata_CRCL_4_filtered_Ca,target_8spe_ca,4.757721465621456,141,2453
ref_Xenopus_tropicalis_CRCL_5_filtered_Ca,target_8spe_ca,4.757994326081251,139,2453
ref_Strongylocentrotus_purpuratus_CRCL_8_filtered_Ca,target_8spe_ca,4.759484508631423,140,2453
ref_Homo_sapiens_CRCL_2_filtered_Ca,target_8spe_ca,4.7599942601118705,140,2453
ref_Xenopus_tropicalis_CRCL_6_filtered_Ca,target_8spe_ca,4.764310609771322,138,2453
ref_Stylophora_pistillata_CRCL_5_filtered_Ca,target_8spe_ca,4.765979327304172,139,2453
ref_Strongylocentrotus_purpuratus_CRCL_3_filtered_Ca,target_8spe_ca,4.766124355209848,141,2453
ref_Hydra_vulgaris_CRCL_5_filtered_Ca,target_8spe_ca,4.7688523214495335,138,2453
ref_Halisarca_caerulea_CRCL_1_filtered_Ca,target_8spe_ca,4.769157311357433,138,2453
ref_Nematostella_vectensis_CRCL_4_filtered_Ca,target_8spe_ca,4.7695038071977365,137,2453
ref_Nematostella_vectensis_CRCL_5_filtered_Ca,target_8spe_ca,4.771739107656538,136,2453
ref_Danio_rerio_CRCL_4_filtered_Ca,target_8spe_ca,4.7731586826574555,136,2453
ref_Danio_rerio_CRCL_3_filtered_Ca,target_8spe_ca,4.773164585138815,136,2453
ref_Amphimedon_queenslandica_CRCL_1_filtered_Ca,target_8spe_ca,4.774687333484103,138,2453
ref_Amphimedon_queenslandica_CRCL_8_filtered_Ca,target_8spe_ca,4.780707312592912,133,2453
ref_Trichoplax_adhaerens_CRCL_3_filtered_Ca,target_8spe_ca,4.785608379563083,134,2453
ref_Exaiptasia_pallida_CRCL_1_filtered_Ca,target_8spe_ca,4.787548301840397,131,2453
ref_Trichoplax_adhaerens_CRCL_2_filtered_Ca,target_8spe_ca,4.789548427242885,136,2453
ref_Xenopus_tropicalis_CRCL_2_filtered_Ca,target_8spe_ca,4.792569135752776,131,2453
ref_Strongylocentrotus_purpuratus_CRCL_2_filtered_Ca,target_8spe_ca,4.796682298683249,133,2453
ref_Gallus_gallus_CRCL_2_filtered_Ca,target_8spe_ca,4.802748971378649,127,2453
ref_Xenopus_tropicalis_CRCL_3_filtered_Ca,target_8spe_ca,4.817810259066937,125,2453
ref_Strongylocentrotus_purpuratus_CRCL_9_filtered_Ca,target_8spe_ca,4.8206455207861225,122,2453
ref_Danio_rerio_CRCL_5_filtered_Ca,target_8spe_ca,4.824354107183153,125,2453
ref_Strongylocentrotus_purpuratus_CRCL_5_filtered_Ca,target_8spe_ca,4.844699962260991,119,2453
ref_Porites_astreoides_CRCL_1_filtered_Ca,target_8spe_ca,4.860595465039625,116,2453
ref_Ephydatia_muelleri_CRCL_1_filtered_Ca,target_8spe_ca,4.889894779411797,112,2453
ref_Lubomirskia_baicalensis_CRCL_2_filtered_Ca,target_8spe_ca,4.897871438315146,106,2453
ref_Homo_sapiens_CRCL_11_filtered_Ca,target_8spe_ca,4.89989632353536,120,2453
ref_Porites_astreoides_CRCL_2_filtered_Ca,target_8spe_ca,4.930047082672754,100,2453
ref_Nematostella_vectensis_CRCL_1_filtered_Ca,target_8spe_ca,4.971752626123256,95,2453
ref_Amphimedon_queenslandica_CRCL_4_filtered_Ca,target_8spe_ca,4.9796919681119265,88,2453
ref_Haliclona_tubifera_CRCL_6_filtered_Ca,target_8spe_ca,5.074665014165556,55,2453
